id,title,description,availability,condition,price,link,image_link,brand
1,Amira Art Corner - تصميم يدوي #1,قطعة فنية أصلية مرسومة يدويًا من Amira Art Corner,in stock,new,800.00 EGP,https://walidsolik-pixel.github.io/art-corner/index.html?p=1,https://walidsolik-pixel.github.io/art-corner/art-1.jpeg,Amira Art Corner
2,Amira Art Corner - تصميم يدوي #2,قطعة فنية أصلية مرسومة يدويًا من Amira Art Corner,in stock,new,450.00 EGP,https://walidsolik-pixel.github.io/art-corner/index.html?p=2,https://walidsolik-pixel.github.io/art-corner/art-2.jpeg,Amira Art Corner
3,Amira Art Corner - تصميم يدوي #3,قطعة فنية أصلية مرسومة يدويًا من Amira Art Corner,in stock,new,450.00 EGP,https://walidsolik-pixel.github.io/art-corner/index.html?p=3,https://walidsolik-pixel.github.io/art-corner/art-3.jpeg,Amira Art Corner
4,Amira Art Corner - تصميم يدوي #4,قطعة فنية أصلية مرسومة يدويًا من Amira Art Corner,in stock,new,200.00 EGP,https://walidsolik-pixel.github.io/art-corner/index.html?p=4,https://walidsolik-pixel.github.io/art-corner/art-4.jpeg,Amira Art Corner
5,Amira Art Corner - تصميم يدوي #5,قطعة فنية أصلية مرسومة يدويًا من Amira Art Corner,in stock,new,500.00 EGP,https://walidsolik-pixel.github.io/art-corner/index.html?p=5,https://walidsolik-pixel.github.io/art-corner/art-5.jpeg,Amira Art Corner
6,Amira Art Corner - تصميم يدوي #6,قطعة فنية أصلية مرسومة يدويًا من Amira Art Corner,in stock,new,1000.00 EGP,https://walidsolik-pixel.github.io/art-corner/index.html?p=6,https://walidsolik-pixel.github.io/art-corner/art-6.jpeg,Amira Art Corner
7,Amira Art Corner - تصميم يدوي #7,قطعة فنية أصلية مرسومة يدويًا من Amira Art Corner,in stock,new,500.00 EGP,https://walidsolik-pixel.github.io/art-corner/index.html?p=7,https://walidsolik-pixel.github.io/art-corner/art-7.jpeg,Amira Art Corner
8,Amira Art Corner - تصميم يدوي #8,قطعة فنية أصلية مرسومة يدويًا من Amira Art Corner,in stock,new,550.00 EGP,https://walidsolik-pixel.github.io/art-corner/index.html?p=8,https://walidsolik-pixel.github.io/art-corner/art-8.jpeg,Amira Art Corner
9,Amira Art Corner - تصميم يدوي #9,قطعة فنية أصلية مرسومة يدويًا من Amira Art Corner,in stock,new,125.00 EGP,https://walidsolik-pixel.github.io/art-corner/index.html?p=9,https://walidsolik-pixel.github.io/art-corner/art-9.jpeg,Amira Art Corner
10,Amira Art Corner - تصميم يدوي #10,قطعة فنية أصلية مرسومة يدويًا من Amira Art Corner,in stock,new,900.00 EGP,https://walidsolik-pixel.github.io/art-corner/index.html?p=10,https://walidsolik-pixel.github.io/art-corner/art-10.jpeg,Amira Art Corner
11,Amira Art Corner - تصميم يدوي #11,قطعة فنية أصلية مرسومة يدويًا من Amira Art Corner,in stock,new,350.00 EGP,https://walidsolik-pixel.github.io/art-corner/index.html?p=11,https://walidsolik-pixel.github.io/art-corner/art-11.jpeg,Amira Art Corner
12,Amira Art Corner - تصميم يدوي #12,قطعة فنية أصلية مرسومة يدويًا من Amira Art Corner,in stock,new,350.00 EGP,https://walidsolik-pixel.github.io/art-corner/index.html?p=12,https://walidsolik-pixel.github.io/art-corner/art-12.jpeg,Amira Art Corner
13,Amira Art Corner - تصميم يدوي #13,قطعة فنية أصلية مرسومة يدويًا من Amira Art Corner,in stock,new,350.00 EGP,https://walidsolik-pixel.github.io/art-corner/index.html?p=13,https://walidsolik-pixel.github.io/art-corner/art-13.jpeg,Amira Art Corner
14,Amira Art Corner - تصميم يدوي #14,قطعة فنية أصلية مرسومة يدويًا من Amira Art Corner,in stock,new,350.00 EGP,https://walidsolik-pixel.github.io/art-corner/index.html?p=14,https://walidsolik-pixel.github.io/art-corner/art-14.jpeg,Amira Art Corner
15,Amira Art Corner - تصميم يدوي #15,قطعة فنية أصلية مرسومة يدويًا من Amira Art Corner,in stock,new,1200.00 EGP,https://walidsolik-pixel.github.io/art-corner/index.html?p=15,https://walidsolik-pixel.github.io/art-corner/art-15.jpeg,Amira Art Corner
16,Amira Art Corner - تصميم يدوي #16,قطعة فنية أصلية مرسومة يدويًا من Amira Art Corner,in stock,new,500.00 EGP,https://walidsolik-pixel.github.io/art-corner/index.html?p=16,https://walidsolik-pixel.github.io/art-corner/art-16.jpeg,Amira Art Corner
17,Amira Art Corner - تصميم يدوي #17,قطعة فنية أصلية مرسومة يدويًا من Amira Art Corner,in stock,new,1200.00 EGP,https://walidsolik-pixel.github.io/art-corner/index.html?p=17,https://walidsolik-pixel.github.io/art-corner/art-17.jpeg,Amira Art Corner
18,Amira Art Corner - تصميم يدوي #18,قطعة فنية أصلية مرسومة يدويًا من Amira Art Corner,in stock,new,500.00 EGP,https://walidsolik-pixel.github.io/art-corner/index.html?p=18,https://walidsolik-pixel.github.io/art-corner/art-18.jpeg,Amira Art Corner
19,Amira Art Corner - تصميم يدوي #19,قطعة فنية أصلية مرسومة يدويًا من Amira Art Corner,in stock,new,550.00 EGP,https://walidsolik-pixel.github.io/art-corner/index.html?p=19,https://walidsolik-pixel.github.io/art-corner/art-19.jpeg,Amira Art Corner
20,Amira Art Corner - تصميم يدوي #20,قطعة فنية أصلية مرسومة يدويًا من Amira Art Corner,in stock,new,500.00 EGP,https://walidsolik-pixel.github.io/art-corner/index.html?p=20,https://walidsolik-pixel.github.io/art-corner/art-20.jpeg,Amira Art Corner
21,Amira Art Corner - تصميم يدوي #21,قطعة فنية أصلية مرسومة يدويًا من Amira Art Corner,in stock,new,700.00 EGP,https://walidsolik-pixel.github.io/art-corner/index.html?p=21,https://walidsolik-pixel.github.io/art-corner/art-21.jpeg,Amira Art Corner
22,Amira Art Corner - تصميم يدوي #22,قطعة فنية أصلية مرسومة يدويًا من Amira Art Corner,in stock,new,350.00 EGP,https://walidsolik-pixel.github.io/art-corner/index.html?p=22,https://walidsolik-pixel.github.io/art-corner/art-22.jpeg,Amira Art Corner
23,Amira Art Corner - تصميم يدوي #23,قطعة فنية أصلية مرسومة يدويًا من Amira Art Corner,in stock,new,450.00 EGP,https://walidsolik-pixel.github.io/art-corner/index.html?p=23,https://walidsolik-pixel.github.io/art-corner/art-23.jpeg,Amira Art Corner
24,Amira Art Corner - تصميم يدوي #24,قطعة فنية أصلية مرسومة يدويًا من Amira Art Corner,in stock,new,750.00 EGP,https://walidsolik-pixel.github.io/art-corner/index.html?p=24,https://walidsolik-pixel.github.io/art-corner/art-24.jpeg,Amira Art Corner
25,Amira Art Corner - تصميم يدوي #25,قطعة فنية أصلية مرسومة يدويًا من Amira Art Corner,in stock,new,500.00 EGP,https://walidsolik-pixel.github.io/art-corner/index.html?p=25,https://walidsolik-pixel.github.io/art-corner/art-25.jpeg,Amira Art Corner
26,Amira Art Corner - تصميم يدوي #26,قطعة فنية أصلية مرسومة يدويًا من Amira Art Corner,in stock,new,700.00 EGP,https://walidsolik-pixel.github.io/art-corner/index.html?p=26,https://walidsolik-pixel.github.io/art-corner/art-26.jpeg,Amira Art Corner
27,Amira Art Corner - تصميم يدوي #27,قطعة فنية أصلية مرسومة يدويًا من Amira Art Corner,in stock,new,500.00 EGP,https://walidsolik-pixel.github.io/art-corner/index.html?p=27,https://walidsolik-pixel.github.io/art-corner/art-27.jpeg,Amira Art Corner
28,Amira Art Corner - تصميم يدوي #28,قطعة فنية أصلية مرسومة يدويًا من Amira Art Corner,in stock,new,1200.00 EGP,https://walidsolik-pixel.github.io/art-corner/index.html?p=28,https://walidsolik-pixel.github.io/art-corner/art-28.jpeg,Amira Art Corner
29,Amira Art Corner - تصميم يدوي #29,قطعة فنية أصلية مرسومة يدويًا من Amira Art Corner,in stock,new,250.00 EGP,https://walidsolik-pixel.github.io/art-corner/index.html?p=29,https://walidsolik-pixel.github.io/art-corner/art-29.jpeg,Amira Art Corner
30,Amira Art Corner - تصميم يدوي #30,قطعة فنية أصلية مرسومة يدويًا من Amira Art Corner,in stock,new,1000.00 EGP,https://walidsolik-pixel.github.io/art-corner/index.html?p=30,https://walidsolik-pixel.github.io/art-corner/art-30.jpeg,Amira Art Corner
31,Amira Art Corner - تصميم يدوي #31,قطعة فنية أصلية مرسومة يدويًا من Amira Art Corner,in stock,new,250.00 EGP,https://walidsolik-pixel.github.io/art-corner/index.html?p=31,https://walidsolik-pixel.github.io/art-corner/art-31.jpeg,Amira Art Corner
32,Amira Art Corner - تصميم يدوي #32,قطعة فنية أصلية مرسومة يدويًا من Amira Art Corner,in stock,new,650.00 EGP,https://walidsolik-pixel.github.io/art-corner/index.html?p=32,https://walidsolik-pixel.github.io/art-corner/art-32.jpeg,Amira Art Corner
33,Amira Art Corner - تصميم يدوي #33,قطعة فنية أصلية مرسومة يدويًا من Amira Art Corner,in stock,new,350.00 EGP,https://walidsolik-pixel.github.io/art-corner/index.html?p=33,https://walidsolik-pixel.github.io/art-corner/art-33.jpeg,Amira Art Corner
34,Amira Art Corner - تصميم يدوي #34,قطعة فنية أصلية مرسومة يدويًا من Amira Art Corner,in stock,new,500.00 EGP,https://walidsolik-pixel.github.io/art-corner/index.html?p=34,https://walidsolik-pixel.github.io/art-corner/art-34.jpeg,Amira Art Corner
35,Amira Art Corner - تصميم يدوي #35,قطعة فنية أصلية مرسومة يدويًا من Amira Art Corner,in stock,new,2400.00 EGP,https://walidsolik-pixel.github.io/art-corner/index.html?p=35,https://walidsolik-pixel.github.io/art-corner/art-35.jpeg,Amira Art Corner
36,Amira Art Corner - تصميم يدوي #36,قطعة فنية أصلية مرسومة يدويًا من Amira Art Corner,in stock,new,1800.00 EGP,https://walidsolik-pixel.github.io/art-corner/index.html?p=36,https://walidsolik-pixel.github.io/art-corner/art-36.jpeg,Amira Art Corner
37,Amira Art Corner - تصميم يدوي #37,قطعة فنية أصلية مرسومة يدويًا من Amira Art Corner,in stock,new,500.00 EGP,https://walidsolik-pixel.github.io/art-corner/index.html?p=37,https://walidsolik-pixel.github.io/art-corner/art-37.jpeg,Amira Art Corner
38,Amira Art Corner - تصميم يدوي #38,قطعة فنية أصلية مرسومة يدويًا من Amira Art Corner,in stock,new,900.00 EGP,https://walidsolik-pixel.github.io/art-corner/index.html?p=38,https://walidsolik-pixel.github.io/art-corner/art-38.jpeg,Amira Art Corner
39,Amira Art Corner - تصميم يدوي #39,قطعة فنية أصلية مرسومة يدويًا من Amira Art Corner,in stock,new,1400.00 EGP,https://walidsolik-pixel.github.io/art-corner/index.html?p=39,https://walidsolik-pixel.github.io/art-corner/art-39.jpeg,Amira Art Corner
40,Amira Art Corner - تصميم يدوي #40,قطعة فنية أصلية مرسومة يدويًا من Amira Art Corner,in stock,new,250.00 EGP,https://walidsolik-pixel.github.io/art-corner/index.html?p=40,https://walidsolik-pixel.github.io/art-corner/art-40.jpeg,Amira Art Corner
41,Amira Art Corner - تصميم يدوي #41,قطعة فنية أصلية مرسومة يدويًا من Amira Art Corner,in stock,new,400.00 EGP,https://walidsolik-pixel.github.io/art-corner/index.html?p=41,https://walidsolik-pixel.github.io/art-corner/art-41.jpeg,Amira Art Corner
42,Amira Art Corner - تصميم يدوي #42,قطعة فنية أصلية مرسومة يدويًا من Amira Art Corner,in stock,new,300.00 EGP,https://walidsolik-pixel.github.io/art-corner/index.html?p=42,https://walidsolik-pixel.github.io/art-corner/art-42.jpeg,Amira Art Corner
43,Amira Art Corner - تصميم يدوي #43,قطعة فنية أصلية مرسومة يدويًا من Amira Art Corner,in stock,new,200.00 EGP,https://walidsolik-pixel.github.io/art-corner/index.html?p=43,https://walidsolik-pixel.github.io/art-corner/art-43.jpeg,Amira Art Corner
44,Amira Art Corner - تصميم يدوي #44,قطعة فنية أصلية مرسومة يدويًا من Amira Art Corner,in stock,new,150.00 EGP,https://walidsolik-pixel.github.io/art-corner/index.html?p=44,https://walidsolik-pixel.github.io/art-corner/art-44.jpeg,Amira Art Corner
45,Amira Art Corner - تصميم يدوي #45,قطعة فنية أصلية مرسومة يدويًا من Amira Art Corner,in stock,new,500.00 EGP,https://walidsolik-pixel.github.io/art-corner/index.html?p=45,https://walidsolik-pixel.github.io/art-corner/art-45.jpeg,Amira Art Corner
46,Amira Art Corner - تصميم يدوي #46,قطعة فنية أصلية مرسومة يدويًا من Amira Art Corner,in stock,new,350.00 EGP,https://walidsolik-pixel.github.io/art-corner/index.html?p=46,https://walidsolik-pixel.github.io/art-corner/art-46.jpeg,Amira Art Corner
47,Amira Art Corner - تصميم يدوي #47,قطعة فنية أصلية مرسومة يدويًا من Amira Art Corner,in stock,new,1500.00 EGP,https://walidsolik-pixel.github.io/art-corner/index.html?p=47,https://walidsolik-pixel.github.io/art-corner/art-47.jpeg,Amira Art Corner
48,Amira Art Corner - تصميم يدوي #48,قطعة فنية أصلية مرسومة يدويًا من Amira Art Corner,in stock,new,500.00 EGP,https://walidsolik-pixel.github.io/art-corner/index.html?p=48,https://walidsolik-pixel.github.io/art-corner/art-48.jpeg,Amira Art Corner
49,Amira Art Corner - تصميم يدوي #49,قطعة فنية أصلية مرسومة يدويًا من Amira Art Corner,in stock,new,450.00 EGP,https://walidsolik-pixel.github.io/art-corner/index.html?p=49,https://walidsolik-pixel.github.io/art-corner/art-49.jpeg,Amira Art Corner
50,Amira Art Corner - تصميم يدوي #50,قطعة فنية أصلية مرسومة يدويًا من Amira Art Corner,in stock,new,1350.00 EGP,https://walidsolik-pixel.github.io/art-corner/index.html?p=50,https://walidsolik-pixel.github.io/art-corner/art-50.jpeg,Amira Art Corner
51,Amira Art Corner - تصميم يدوي #51,قطعة فنية أصلية مرسومة يدويًا من Amira Art Corner,in stock,new,500.00 EGP,https://walidsolik-pixel.github.io/art-corner/index.html?p=51,https://walidsolik-pixel.github.io/art-corner/art-51.jpeg,Amira Art Corner
52,Amira Art Corner - تصميم يدوي #52,قطعة فنية أصلية مرسومة يدويًا من Amira Art Corner,in stock,new,550.00 EGP,https://walidsolik-pixel.github.io/art-corner/index.html?p=52,https://walidsolik-pixel.github.io/art-corner/art-52.jpeg,Amira Art Corner
53,Amira Art Corner - تصميم يدوي #53,قطعة فنية أصلية مرسومة يدويًا من Amira Art Corner,in stock,new,400.00 EGP,https://walidsolik-pixel.github.io/art-corner/index.html?p=53,https://walidsolik-pixel.github.io/art-corner/art-53.jpeg,Amira Art Corner
54,Amira Art Corner - تصميم يدوي #54,قطعة فنية أصلية مرسومة يدويًا من Amira Art Corner,in stock,new,400.00 EGP,https://walidsolik-pixel.github.io/art-corner/index.html?p=54,https://walidsolik-pixel.github.io/art-corner/art-54.jpeg,Amira Art Corner
55,Amira Art Corner - تصميم يدوي #55,قطعة فنية أصلية مرسومة يدويًا من Amira Art Corner,in stock,new,350.00 EGP,https://walidsolik-pixel.github.io/art-corner/index.html?p=55,https://walidsolik-pixel.github.io/art-corner/art-55.jpeg,Amira Art Corner
56,Amira Art Corner - تصميم يدوي #56,قطعة فنية أصلية مرسومة يدويًا من Amira Art Corner,in stock,new,650.00 EGP,https://walidsolik-pixel.github.io/art-corner/index.html?p=56,https://walidsolik-pixel.github.io/art-corner/art-56.jpeg,Amira Art Corner
57,Amira Art Corner - تصميم يدوي #57,قطعة فنية أصلية مرسومة يدويًا من Amira Art Corner,in stock,new,400.00 EGP,https://walidsolik-pixel.github.io/art-corner/index.html?p=57,https://walidsolik-pixel.github.io/art-corner/art-57.jpeg,Amira Art Corner
58,Amira Art Corner - تصميم يدوي #58,قطعة فنية أصلية مرسومة يدويًا من Amira Art Corner,in stock,new,250.00 EGP,https://walidsolik-pixel.github.io/art-corner/index.html?p=58,https://walidsolik-pixel.github.io/art-corner/art-58.jpeg,Amira Art Corner
59,Amira Art Corner - تصميم يدوي #59,قطعة فنية أصلية مرسومة يدويًا من Amira Art Corner,in stock,new,600.00 EGP,https://walidsolik-pixel.github.io/art-corner/index.html?p=59,https://walidsolik-pixel.github.io/art-corner/art-59.jpeg,Amira Art Corner
60,Amira Art Corner - تصميم يدوي #60,قطعة فنية أصلية مرسومة يدويًا من Amira Art Corner,in stock,new,500.00 EGP,https://walidsolik-pixel.github.io/art-corner/index.html?p=60,https://walidsolik-pixel.github.io/art-corner/art-60.jpeg,Amira Art Corner
61,Amira Art Corner - تصميم يدوي #61,قطعة فنية أصلية مرسومة يدويًا من Amira Art Corner,in stock,new,250.00 EGP,https://walidsolik-pixel.github.io/art-corner/index.html?p=61,https://walidsolik-pixel.github.io/art-corner/art-61.jpeg,Amira Art Corner
62,Amira Art Corner - تصميم يدوي #62,قطعة فنية أصلية مرسومة يدويًا من Amira Art Corner,in stock,new,500.00 EGP,https://walidsolik-pixel.github.io/art-corner/index.html?p=62,https://walidsolik-pixel.github.io/art-corner/art-62.jpeg,Amira Art Corner
63,Amira Art Corner - تصميم يدوي #63,قطعة فنية أصلية مرسومة يدويًا من Amira Art Corner,in stock,new,650.00 EGP,https://walidsolik-pixel.github.io/art-corner/index.html?p=63,https://walidsolik-pixel.github.io/art-corner/art-63.jpeg,Amira Art Corner
64,Amira Art Corner - تصميم يدوي #64,قطعة فنية أصلية مرسومة يدويًا من Amira Art Corner,in stock,new,350.00 EGP,https://walidsolik-pixel.github.io/art-corner/index.html?p=64,https://walidsolik-pixel.github.io/art-corner/art-64.jpeg,Amira Art Corner
65,Amira Art Corner - تصميم يدوي #65,قطعة فنية أصلية مرسومة يدويًا من Amira Art Corner,in stock,new,600.00 EGP,https://walidsolik-pixel.github.io/art-corner/index.html?p=65,https://walidsolik-pixel.github.io/art-corner/art-65.jpeg,Amira Art Corner
66,Amira Art Corner - تصميم يدوي #66,قطعة فنية أصلية مرسومة يدويًا من Amira Art Corner,in stock,new,600.00 EGP,https://walidsolik-pixel.github.io/art-corner/index.html?p=66,https://walidsolik-pixel.github.io/art-corner/art-66.jpeg,Amira Art Corner
67,Amira Art Corner - تصميم يدوي #67,قطعة فنية أصلية مرسومة يدويًا من Amira Art Corner,in stock,new,750.00 EGP,https://walidsolik-pixel.github.io/art-corner/index.html?p=67,https://walidsolik-pixel.github.io/art-corner/art-67.jpeg,Amira Art Corner
68,Amira Art Corner - تصميم يدوي #68,قطعة فنية أصلية مرسومة يدويًا من Amira Art Corner,in stock,new,250.00 EGP,https://walidsolik-pixel.github.io/art-corner/index.html?p=68,https://walidsolik-pixel.github.io/art-corner/art-68.jpeg,Amira Art Corner
69,Amira Art Corner - تصميم يدوي #69,قطعة فنية أصلية مرسومة يدويًا من Amira Art Corner,in stock,new,750.00 EGP,https://walidsolik-pixel.github.io/art-corner/index.html?p=69,https://walidsolik-pixel.github.io/art-corner/art-69.jpeg,Amira Art Corner
70,Amira Art Corner - تصميم يدوي #70,قطعة فنية أصلية مرسومة يدويًا من Amira Art Corner,in stock,new,500.00 EGP,https://walidsolik-pixel.github.io/art-corner/index.html?p=70,https://walidsolik-pixel.github.io/art-corner/art-70.jpeg,Amira Art Corner
71,Amira Art Corner - تصميم يدوي #71,قطعة فنية أصلية مرسومة يدويًا من Amira Art Corner,in stock,new,650.00 EGP,https://walidsolik-pixel.github.io/art-corner/index.html?p=71,https://walidsolik-pixel.github.io/art-corner/art-71.jpeg,Amira Art Corner
72,Amira Art Corner - تصميم يدوي #72,قطعة فنية أصلية مرسومة يدويًا من Amira Art Corner,in stock,new,350.00 EGP,https://walidsolik-pixel.github.io/art-corner/index.html?p=72,https://walidsolik-pixel.github.io/art-corner/art-72.jpeg,Amira Art Corner
73,Amira Art Corner - تصميم يدوي #73,قطعة فنية أصلية مرسومة يدويًا من Amira Art Corner,in stock,new,550.00 EGP,https://walidsolik-pixel.github.io/art-corner/index.html?p=73,https://walidsolik-pixel.github.io/art-corner/art-73.jpeg,Amira Art Corner
74,Amira Art Corner - تصميم يدوي #74,قطعة فنية أصلية مرسومة يدويًا من Amira Art Corner,in stock,new,500.00 EGP,https://walidsolik-pixel.github.io/art-corner/index.html?p=74,https://walidsolik-pixel.github.io/art-corner/art-74.jpeg,Amira Art Corner
75,Amira Art Corner - تصميم يدوي #75,قطعة فنية أصلية مرسومة يدويًا من Amira Art Corner,in stock,new,550.00 EGP,https://walidsolik-pixel.github.io/art-corner/index.html?p=75,https://walidsolik-pixel.github.io/art-corner/art-75.jpeg,Amira Art Corner
76,Amira Art Corner - تصميم يدوي #76,قطعة فنية أصلية مرسومة يدويًا من Amira Art Corner,in stock,new,300.00 EGP,https://walidsolik-pixel.github.io/art-corner/index.html?p=76,https://walidsolik-pixel.github.io/art-corner/art-76.jpeg,Amira Art Corner
77,Amira Art Corner - تصميم يدوي #77,قطعة فنية أصلية مرسومة يدويًا من Amira Art Corner,in stock,new,650.00 EGP,https://walidsolik-pixel.github.io/art-corner/index.html?p=77,https://walidsolik-pixel.github.io/art-corner/art-77.jpeg,Amira Art Corner
78,Amira Art Corner - تصميم يدوي #78,قطعة فنية أصلية مرسومة يدويًا من Amira Art Corner,in stock,new,250.00 EGP,https://walidsolik-pixel.github.io/art-corner/index.html?p=78,https://walidsolik-pixel.github.io/art-corner/art-78.jpeg,Amira Art Corner
79,Amira Art Corner - تصميم يدوي #79,قطعة فنية أصلية مرسومة يدويًا من Amira Art Corner,in stock,new,450.00 EGP,https://walidsolik-pixel.github.io/art-corner/index.html?p=79,https://walidsolik-pixel.github.io/art-corner/art-79.jpeg,Amira Art Corner
80,Amira Art Corner - تصميم يدوي #80,قطعة فنية أصلية مرسومة يدويًا من Amira Art Corner,in stock,new,750.00 EGP,https://walidsolik-pixel.github.io/art-corner/index.html?p=80,https://walidsolik-pixel.github.io/art-corner/art-80.jpeg,Amira Art Corner
81,Amira Art Corner - تصميم يدوي #81,قطعة فنية أصلية مرسومة يدويًا من Amira Art Corner,in stock,new,400.00 EGP,https://walidsolik-pixel.github.io/art-corner/index.html?p=81,https://walidsolik-pixel.github.io/art-corner/art-81.jpeg,Amira Art Corner
82,Amira Art Corner - تصميم يدوي #82,قطعة فنية أصلية مرسومة يدويًا من Amira Art Corner,in stock,new,750.00 EGP,https://walidsolik-pixel.github.io/art-corner/index.html?p=82,https://walidsolik-pixel.github.io/art-corner/art-82.jpeg,Amira Art Corner
83,Amira Art Corner - تصميم يدوي #83,قطعة فنية أصلية مرسومة يدويًا من Amira Art Corner,in stock,new,350.00 EGP,https://walidsolik-pixel.github.io/art-corner/index.html?p=83,https://walidsolik-pixel.github.io/art-corner/art-83.jpeg,Amira Art Corner
84,Amira Art Corner - تصميم يدوي #84,قطعة فنية أصلية مرسومة يدويًا من Amira Art Corner,in stock,new,350.00 EGP,https://walidsolik-pixel.github.io/art-corner/index.html?p=84,https://walidsolik-pixel.github.io/art-corner/art-84.jpeg,Amira Art Corner
85,Amira Art Corner - تصميم يدوي #85,قطعة فنية أصلية مرسومة يدويًا من Amira Art Corner,in stock,new,700.00 EGP,https://walidsolik-pixel.github.io/art-corner/index.html?p=85,https://walidsolik-pixel.github.io/art-corner/art-85.jpeg,Amira Art Corner
86,Amira Art Corner - تصميم يدوي #86,قطعة فنية أصلية مرسومة يدويًا من Amira Art Corner,in stock,new,450.00 EGP,https://walidsolik-pixel.github.io/art-corner/index.html?p=86,https://walidsolik-pixel.github.io/art-corner/art-86.jpeg,Amira Art Corner
87,Amira Art Corner - تصميم يدوي #87,قطعة فنية أصلية مرسومة يدويًا من Amira Art Corner,in stock,new,700.00 EGP,https://walidsolik-pixel.github.io/art-corner/index.html?p=87,https://walidsolik-pixel.github.io/art-corner/art-87.jpeg,Amira Art Corner
88,Amira Art Corner - تصميم يدوي #88,قطعة فنية أصلية مرسومة يدويًا من Amira Art Corner,in stock,new,650.00 EGP,https://walidsolik-pixel.github.io/art-corner/index.html?p=88,https://walidsolik-pixel.github.io/art-corner/art-88.jpeg,Amira Art Corner
89,Amira Art Corner - تصميم يدوي #89,قطعة فنية أصلية مرسومة يدويًا من Amira Art Corner,in stock,new,500.00 EGP,https://walidsolik-pixel.github.io/art-corner/index.html?p=89,https://walidsolik-pixel.github.io/art-corner/art-89.jpeg,Amira Art Corner
90,Amira Art Corner - تصميم يدوي #90,قطعة فنية أصلية مرسومة يدويًا من Amira Art Corner,in stock,new,175.00 EGP,https://walidsolik-pixel.github.io/art-corner/index.html?p=90,https://walidsolik-pixel.github.io/art-corner/art-90.jpeg,Amira Art Corner
91,Amira Art Corner - تصميم يدوي #91,قطعة فنية أصلية مرسومة يدويًا من Amira Art Corner,in stock,new,175.00 EGP,https://walidsolik-pixel.github.io/art-corner/index.html?p=91,https://walidsolik-pixel.github.io/art-corner/art-91.jpeg,Amira Art Corner
92,Amira Art Corner - تصميم يدوي #92,قطعة فنية أصلية مرسومة يدويًا من Amira Art Corner,in stock,new,175.00 EGP,https://walidsolik-pixel.github.io/art-corner/index.html?p=92,https://walidsolik-pixel.github.io/art-corner/art-92.jpeg,Amira Art Corner
93,Amira Art Corner - تصميم يدوي #93,قطعة فنية أصلية مرسومة يدويًا من Amira Art Corner,in stock,new,250.00 EGP,https://walidsolik-pixel.github.io/art-corner/index.html?p=93,https://walidsolik-pixel.github.io/art-corner/art-93.jpeg,Amira Art Corner
94,Amira Art Corner - تصميم يدوي #94,قطعة فنية أصلية مرسومة يدويًا من Amira Art Corner,in stock,new,200.00 EGP,https://walidsolik-pixel.github.io/art-corner/index.html?p=94,https://walidsolik-pixel.github.io/art-corner/art-94.jpeg,Amira Art Corner
95,Amira Art Corner - تصميم يدوي #95,قطعة فنية أصلية مرسومة يدويًا من Amira Art Corner,in stock,new,70.00 EGP,https://walidsolik-pixel.github.io/art-corner/index.html?p=95,https://walidsolik-pixel.github.io/art-corner/art-95.jpeg,Amira Art Corner
96,Amira Art Corner - تصميم يدوي #96,قطعة فنية أصلية مرسومة يدويًا من Amira Art Corner,in stock,new,550.00 EGP,https://walidsolik-pixel.github.io/art-corner/index.html?p=96,https://walidsolik-pixel.github.io/art-corner/art-96.jpeg,Amira Art Corner
